Si. No (Col. 1),Category ,State/UT (Col. 2),Murder with Rape/Gang Rape - I - (Col. 3),Murder with Rape/Gang Rape - V - (Col. 4),Murder with Rape/Gang Rape - R - (Col. 5),Dowry Deaths (Sec. 304B IPC) - I - (Col. 6),Dowry Deaths (Sec. 304B IPC) - V - (Col. 7),Dowry Deaths (Sec. 304B IPC) - R - (Col. 8),Abetment to Suicide of Women (Sec. 305/306 IPC) - I - (Col. 9),Abetment to Suicide of Women (Sec. 305/306 IPC) - V - (Col. 10),Abetment to Suicide of Women (Sec. 305/306 IPC) - R - (Col. 11),Miscarriage (Sec. 313 & 314 IPC) - I - (Col. 12),Miscarriage (Sec. 313 & 314 IPC) - V - (Col. 13),Miscarriage (Sec. 313 & 314 IPC) - R - (Col. 14),Acid Attack (Sec. 326A IPC) - 1 - (Col. 15),Acid Attack (Sec. 326A IPC) - V - (Col. 16),Acid Attack (Sec. 326A IPC) - R - (Col. 17),Attempt to Acid Attack (Sec. 326B IPC) - I - (Col. 18),Attempt to Acid Attack (Sec. 326B IPC) - V - (Col. 19),Attempt to Acid Attack (Sec. 326B IPC) - R - (Col. 20),Cruelty by Husband or his relatives (Sec. 498 A IPC) - I - (Col. 21),Cruelty by Husband or his relatives (Sec. 498 A IPC) - V - (Col. 22),Cruelty by Husband or his relatives (Sec. 498 A IPC) - R - (Col. 23),Kidnapping & Abduction of Women - Kidnapping & Abduction of Women (Total) - I - (Col. 24),Kidnapping & Abduction of Women - Kidnapping & Abduction of Women (Total) - V - (Col. 25),Kidnapping & Abduction of Women - Kidnapping & Abduction of Women (Total) - R - (Col. 26),Kidnapping & Abduction of Women - Kidnapping & Abduction (Sec. 336 IPC) - I - (Col. 27),Kidnapping & Abduction of Women - Kidnapping & Abduction (Sec. 336 IPC) - V - (Col. 28),Kidnapping & Abduction of Women - Kidnapping & Abduction (Sec. 336 IPC) - R - (Col. 29),Kidnapping & Abduction of Women - Kidnapping & Abduction in order to Murder (Sec. 364 IPC) - I - (Col. 30),Kidnapping & Abduction of Women - Kidnapping & Abduction in order to Murder (Sec. 364 IPC) - V - (Col. 31),Kidnapping & Abduction of Women - Kidnapping & Abduction in order to Murder (Sec. 364 IPC) - R - (Col. 32),Kidnapping & Abduction of Women - Kidnapping for Ransom (Sec. 364A IPC) - I - (Col. 33),Kidnapping & Abduction of Women - Kidnapping for Ransom (Sec. 364A IPC) - V - (Col. 34),Kidnapping & Abduction of Women - Kidnapping for Ransom (Sec. 364A IPC) - R - (Col. 35),Kidnapping & Abduction of Women - Kidnapping & Abduction of Women to compel her for marriage (Sec. 366 IPC) -K&A of Women to compel her for marriage (Total) - I - (Col. 36),Kidnapping & Abduction of Women - Kidnapping & Abduction of Women to compel her for marriage (Sec. 366 IPC) -K&A of Women to compel her for marriage (Total) - V - (Col. 37),Kidnapping & Abduction of Women - Kidnapping & Abduction of Women to compel her for marriage (Sec. 366 IPC) -K&A of Women to compel her for marriage (Total) - R - (Col. 38),Kidnapping & Abduction of Women - Kidnapping & Abduction of Women to compel her for marriage (Sec. 366 IPC) -a) Women (Above 18 yrs) - I - (Col. 39),Kidnapping & Abduction of Women - Kidnapping & Abduction of Women to compel her for marriage (Sec. 366 IPC) -a) Women (Above 18 yrs) - V - (Col. 40),Kidnapping & Abduction of Women - Kidnapping & Abduction of Women to compel her for marriage (Sec. 366 IPC) -a) Women (Above 18 yrs) - R - (Col. 41),Kidnapping & Abduction of Women - K & A of Women to compel her for marriage (Sec. 366 IPC) -b) Girls (Below 18 yrs) - I - (Col. 42),Kidnapping & Abduction of Women - K & A of Women to compel her for marriage (Sec. 366 IPC) -b) Girls (Below 18 yrs) - V - (Col. 43),Kidnapping & Abduction of Women - K & A of Women to compel her for marriage (Sec. 366 IPC) -b) Girls (Below 18 yrs) - R - (Col. 44),Kidnapping & Abduction of Women - Procuration of Minor Girls (Sec. 366A IPC) - I - (Col. 45),Kidnapping & Abduction of Women - Procuration of Minor Girls (Sec. 366A IPC) - V - (Col. 46),Kidnapping & Abduction of Women - Procuration of Minor Girls (Sec. 366A IPC) - R - (Col. 47),Kidnapping & Abduction of Women - Importation of Girls from Foreign Country (Sec. 366B IPC) - I - (Col. 48),Kidnapping & Abduction of Women - Importation of Girls from Foreign Country (Sec. 366B IPC) - V - (Col. 49),Kidnapping & Abduction of Women - Importation of Girls from Foreign Country (Sec. 366B IPC) - R - (Col. 50),"Kidnapping & Abduction of Women - Kidnapping and Abduction of Women – Others (Secs.363A, 365, 367, 368, 369 IPC) - I - (Col. 51)","Kidnapping & Abduction of Women - Kidnapping and Abduction of Women – Others (Secs.363A, 365, 367, 368, 369 IPC) - V - (Col. 52)","Kidnapping & Abduction of Women - Kidnapping and Abduction of Women – Others (Secs.363A, 365, 367, 368,369 IPC) - R - (Col. 53)",Human Trafficking (Sec. 370 & 370A IPC) - I - (Col. 54),Human Trafficking (Sec. 370 & 370A IPC) - V - (Col. 55),Human Trafficking (Sec. 370 & 370A IPC) - R - (Col. 56),Selling of Minor Girls (Sec. 372 IPC) - I - (Col. 57),Selling of Minor Girls (Sec. 372 IPC) - V - (Col. 58),Selling of Minor Girls (Sec. 372 IPC) - R - (Col. 59),Buying of Minor Girls (Sec. 373 IPC) - I - (Col. 60),Buying of Minor Girls (Sec. 373 IPC) - V - (Col. 61),Buying of Minor Girls (Sec. 373 IPC) - R - (Col. 62),Rape (Sec.376 IPC) - Rape (Total) - I - (Col. 63),Rape (Sec.376 IPC) - Rape (Total) - V - (Col. 64),Rape (Sec.376 IPC) - Rape (Total) - R - (Col. 65),Rape (Sec.376 IPC) - A) Women (18 Yrs. And above) - I - (Col. 66),Rape (Sec.376 IPC) - A) Women (18 Yrs. And above) - V - (Col. 67),Rape (Sec.376 IPC) - A) Women (18 Yrs. And above) - R - (Col. 68),Rape (Sec.376 IPC) - B) Girls (Below 18 yrs) - I - (Col. 69),Rape (Sec.376 IPC) - B) Girls (Below 18 yrs) - V - (Col. 70),Rape (Sec.376 IPC) - B) Girls (Below 18 yrs) - R - (Col. 71),Attempt to Commit Rape (Sec. 376/511 IPC) - Attempt to Commit Rape (Total) - I - (Col. 72),Attempt to Commit Rape (Sec. 376/511 IPC) - Attempt to Commit Rape (Total) - V - (Col. 73),Attempt to Commit Rape (Sec. 376/511 IPC) - Attempt to Commit Rape (Total) - R - (Col. 74),Attempt to Commit Rape (Sec. 376/511 IPC) - A) Women (18 Yrs. And above) - I - (Col. 75),Attempt to Commit Rape (Sec. 376/511 IPC) - A) Women (18 Yrs. And above) - V - (Col. 76),Attempt to Commit Rape (Sec. 376/511 IPC) - A) Women (18 Yrs. And above) - R - (Col. 77),Attempt to Commit Rape (Sec. 376/511 IPC) - B) Girls (Below 18 yrs) - I - (Col. 78),Attempt to Commit Rape (Sec. 376/511 IPC) - B) Girls (Below 18 yrs) - V - (Col. 79),Attempt to Commit Rape (Sec. 376/511 IPC) - B) Girls (Below 18 yrs) - R - (Col. 80),Assault on Women with Intent to Outrage her Modesty (Sec. 354 IPC) - Assault on Women with Intent to Outrage her Modesty (Total) - I - (Col. 81),Assault on Women with Intent to Outrage her Modesty (Sec. 354 IPC) - Assault on Women with Intent to Outrage her Modesty (Total) - V - (Col. 82),Assault on Women with Intent to Outrage her Modesty (Sec. 354 IPC) - Assault on Women with Intent to Outrage her Modesty (Total) - R - (Col. 83),Assault on Women with Intent to Outrage her Modesty (Sec. 354 IPC) - A) Women (18 Yrs. And above) - I - (Col. 84),Assault on Women with Intent to Outrage her Modesty (Sec. 354 IPC) - A) Women (18 Yrs. And above) - V - (Col. 85),Assault on Women with Intent to Outrage her Modesty (Sec. 354 IPC) - A) Women (18 Yrs. And above) - R - (Col. 86),Assault on Women with Intent to Outrage her Modesty (Sec. 354 IPC) - B) Girls (Below 18 yrs) - I - (Col. 87),Assault on Women with Intent to Outrage her Modesty (Sec. 354 IPC) - B) Girls (Below 18 yrs) - V - (Col. 88),Assault on Women with Intent to Outrage her Modesty (Sec. 354 IPC) - B) Girls (Below 18 yrs) - R - (Col. 89),Insult to the Modesty of Women (Sec. 509 IPC) - Insult to the Modesty of Women (Total) - I - (Col. 90),Insult to the Modesty of Women (Sec. 509 IPC) - Insult to the Modesty of Women (Total) - V - (Col. 91),Insult to the Modesty of Women (Sec. 509 IPC) - Insult to the Modesty of Women (Total) - R - (Col. 92),Insult to the Modesty of Women (Sec. 509 IPC) - A) Women (18 Yrs. And above) - I - (Col. 93),Insult to the Modesty of Women (Sec. 509 IPC) - A) Women (18 Yrs. And above) - V - (Col. 94),Insult to the Modesty of Women (Sec. 509 IPC) - A) Women (18 Yrs. And above) - R - (Col. 95),Insult to the Modesty of Women (Sec. 509 IPC) - B) Girls (Below 18 yrs) - I - (Col. 96),Insult to the Modesty of Women (Sec. 509 IPC) - B) Girls (Below 18 yrs) - V - (Col. 97),Insult to the Modesty of Women (Sec. 509 IPC) - B) Girls (Below 18 yrs) - R - (Col. 98),Total IPC Crimes against Women - I - (Col. 99),Total IPC Crimes against Women - V - (Col. 100),Total IPC Crimes against Women - R - (Col. 101),"Dowry Prohibition Act, 1961 - I - (Col. 102)","Dowry Prohibition Act, 1961 - V - (Col. 103)","Dowry Prohibition Act, 1961 - R - (Col. 104)","Immoral Traffic (Prevention) Act, 1956 (Women Victims cases only) - Immoral Traffic (Prevention) Act, 1956 (Total) - I - (Col. 105)","Immoral Traffic (Prevention) Act, 1956 (Women Victims cases only) - Immoral Traffic (Prevention) Act, 1956 (Total) - V - (Col. 106)","Immoral Traffic (Prevention) Act, 1956 (Women Victims cases only) - Immoral Traffic (Prevention) Act, 1956 (Total) - R - (Col. 107)","Immoral Traffic (Prevention) Act, 1956 (Women Victims cases only) - A) Procuring, including Children, for the same of prostitution (Section 5) - I - (Col. 108)","Immoral Traffic (Prevention) Act, 1956 (Women Victims cases only) - A) Procuring, including Children, for the same of prostitution (Section 5) - V - (Col. 109)","Immoral Traffic (Prevention) Act, 1956 (Women Victims cases only) - A) Procuring, including Children, for the same of prostitution (Section 5) - R - (Col. 110)","Immoral Traffic (Prevention) Act, 1956 (Women Victims cases only) - B) Detaining person in premises where prostitution is carried on (Section 6) - I - (Col. 111)","Immoral Traffic (Prevention) Act, 1956 (Women Victims cases only) - B) Detaining person in premises where prostitution is carried on (Section 6) - V - (Col. 112)","Immoral Traffic (Prevention) Act, 1956 (Women Victims cases only) - B) Detaining person in premises where prostitution is carried on (Section 6) - R - (Col. 113)","Immoral Traffic (Prevention) Act, 1956 (Women Victims cases only) - C) Prostitution in or in the vicinity of public places (Section 7) - I - (Col. 114)","Immoral Traffic (Prevention) Act, 1956 (Women Victims cases only) - C) Prostitution in or in the vicinity of public places (Section 7) - V - (Col. 115)","Immoral Traffic (Prevention) Act, 1956 (Women Victims cases only) - C) Prostitution in or in the vicinity of public places (Section 7) - R - (Col. 116)","Immoral Traffic (Prevention) Act, 1956 (Women Victims cases only) - D) Seducing or soliciting for purpose of prostitution (Section 8) - I - (Col. 117)","Immoral Traffic (Prevention) Act, 1956 (Women Victims cases only) - D) Seducing or soliciting for purpose of prostitution (Section 8) - V - (Col. 118)","Immoral Traffic (Prevention) Act, 1956 (Women Victims cases only) - D) Seducing or soliciting for purpose of prostitution (Section 8) - R - (Col. 119)","Immoral Traffic (Prevention) Act, 1956 (Women Victims cases only) - E) Other Sections under ITP Act - I - (Col. 120)","Immoral Traffic (Prevention) Act, 1956 (Women Victims cases only) - E) Other Sections under ITP Act - V - (Col. 121)","Immoral Traffic (Prevention) Act, 1956 (Women Victims cases only) - E) Other Sections under ITP Act - R - (Col. 122)",Protection of Women from Domestic Violence Act - I - (Col. 123),Protection of Women from Domestic Violence Act - V - (Col. 124),Protection of Women from Domestic Violence Act - R - (Col. 125),Cyber Crimes/Information Technology Act (Women Centric Crimes only) - Cyber Crimes/Information Technology Act (Women Centric Crimes only) (Total) - I - (Col. 126),Cyber Crimes/Information Technology Act (Women Centric Crimes only) - Cyber Crimes/Information Technology Act (Women Centric Crimes only) (Total) - V - (Col. 127),Cyber Crimes/Information Technology Act (Women Centric Crimes only) - Cyber Crimes/Information Technology Act (Women Centric Crimes only) (Total) - R - (Col. 128),Cyber Crimes/Information Technology Act (Women Centric Crimes only) - A) Publishing or Transmitting of Sexually Explicit Material (Sec. 67A/67B (Girls) IT Act) - I - (Col. 129),Cyber Crimes/Information Technology Act (Women Centric Crimes only) - A) Publishing or Transmitting of Sexually Explicit Material (Sec. 67A/67B (Girls) IT Act) - V - (Col. 130),Cyber Crimes/Information Technology Act (Women Centric Crimes only) - A) Publishing or Transmitting of Sexually Explicit Material (Sec. 67A/67B (Girls) IT Act) - R - (Col. 131),Cyber Crimes/Information Technology Act (Women Centric Crimes only) - B) Other Women Centric Cyber Crimes (Ex. Blackmailing/ Defamation/Morphing/Fake Profile) - I - (Col. 132),Cyber Crimes/Information Technology Act (Women Centric Crimes only) - B) Other Women Centric Cyber Crimes (Ex. Blackmailing/ Defamation/Morphing/ Fake Profile) - V - (Col. 133),Cyber Crimes/Information Technology Act (Women Centric Crimes only) - B) Other Women Centric Cyber Crimes (Ex. Blackmailing/Defamation/Morphing/Fake Profile) - R - (Col. 134),Protection of Children from Sexual Offences Act (Girl Child Victims only) - Protection of Children from Sexual Offences Act (Total) - I - (Col. 135),Protection of Children from Sexual Offences Act (Girl Child Victims only) - Protection of Children from Sexual Offences Act (Total) - V - (Col. 136),Protection of Children from Sexual Offences Act (Girl Child Victims only) - Protection of Children from Sexual Offences Act (Total) - R - (Col. 137),Protection of Children from Sexual Offences Act (Girl Child Victims only) - A) Child Rape (Sec 4 & 6 of POCSO Act/ Sec 376 IPC) - I - (Col. 138),Protection of Children from Sexual Offences Act (Girl Child Victims only) - A) Child Rape (Sec 4 & 6 of POCSO Act/ Sec 376 IPC) - V - (Col. 139),Protection of Children from Sexual Offences Act (Girl Child Victims only) - A) Child Rape (Sec 4 & 6 of POCSO Act/ Sec 376 IPC) - R - (Col. 140),Protection of Children from Sexual Offences Act (Girl Child Victims only) - B) Sexual Assault of Children (Sec.8 & 10 of POCSO Act) / Sec. 354 IPC) - I - (Col. 141),Protection of Children from Sexual Offences Act (Girl Child Victims only) - B) Sexual Assault of Children (Sec.8 & 10 of POCSO Act) / Sec. 354 IPC) - V - (Col. 142),Protection of Children from Sexual Offences Act (Girl Child Victims only) - B) Sexual Assault of Children (Sec.8 & 10 of POCSO Act) / Sec. 354 IPC) - R - (Col. 143),Protection of Children from Sexual Offences Act (Girl Child Victims only) - C) Sexual Harassment (Sec. 12 of POCSO Act) / Sec. 509 IPC) - I - (Col. 144),Protection of Children from Sexual Offences Act (Girl Child Victims only) - C) Sexual Harassment (Sec. 12 of POCSO Act) / Sec. 509 IPC) - V - (Col. 145),Protection of Children from Sexual Offences Act (Girl Child Victims only) - C) Sexual Harassment (Sec. 12 of POCSO Act) / Sec. 509 IPC) - R - (Col. 146),Protection of Children from Sexual Offences Act (Girl Child Victims only) - D) Use of Child for Pornography/ Storing Child Pornography Material (Sec 14 & 15 of POCSO Act) - I - (Col. 147),Protection of Children from Sexual Offences Act (Girl Child Victims only) - D) Use of Child for Pornography/ Storing Child Pornography Material (Sec 14 & 15 of POCSO Act) - V - (Col. 148),Protection of Children from Sexual Offences Act (Girl Child Victims only) - D) Use of Child for Pornography/ Storing Child Pornography Material (Sec 14 & 15 of POCSO Act) - R - (Col. 149),Protection of Children from Sexual Offences Act (Girl Child Victims only) - E) POCSO Act (Sections 17 to 22) / Other offences of POCSO Act - I - (Col. 150),Protection of Children from Sexual Offences Act (Girl Child Victims only) - E) POCSO Act (Sections 17 to 22) / Other offences of POCSO Act - V - (Col. 151),Protection of Children from Sexual Offences Act (Girl Child Victims only) - E) POCSO Act (Sections 17 to 22) / Other offences of POCSO Act - R - (Col. 152),Protection of Children from Sexual Offences Act (Girl Child Victims only) - F) POCSO Act r/w Section 377 IPC / Unnatural Offences - I - (Col. 153),Protection of Children from Sexual Offences Act (Girl Child Victims only) - F) POCSO Act r/w Section 377 IPC / Unnatural Offences - V - (Col. 154),Protection of Children from Sexual Offences Act (Girl Child Victims only) - F) POCSO Act r/w Section 377 IPC / Unnatural Offences - R - (Col. 155),"Indecent Representation of Women (Prohibition) Act, 1986 - I - (Col. 156)","Indecent Representation of Women (Prohibition) Act, 1986 - V - (Col. 157)","Indecent Representation of Women (Prohibition) Act, 1986 - R - (Col. 158)",Total SLL Crimes against Women - I - (Col. 159),Total SLL Crimes against Women - V - (Col. 160),Total SLL Crimes against Women - R - (Col. 161),Total Crime against Women (IPC+SLL) - I - (Col. 162),Total Crime against Women (IPC+SLL) - V - (Col. 163),Total Crime against Women (IPC+SLL) - R - (Col. 164)
1,State,Andhra Pradesh,5,5,0,111,111,0.4,371,392,1.4,8,8,0,4,4,0,1,1,0,6546,6579,24.9,534,537,2,327,327,1.2,0,0,0,1,1,0,104,104,0.4,33,33,0.1,71,71,0.3,53,54,0.2,0,0,0,49,51,0.2,64,71,0.2,0,0,0,0,0,0,1095,1107,4.2,518,520,2,577,587,2.2,141,141,0.5,101,101,0.4,40,40,0.2,4886,4888,18.6,4373,4375,16.6,513,513,2,2342,2371,8.9,2309,2338,8.8,33,33,0.1,16108,16215,61.3,435,435,1.7,48,64,0.2,17,17,0.1,0,0,0,4,7,0,0,0,0,27,40,0.1,0,0,0,49,51,0.2,21,23,0.1,28,28,0.1,449,454,1.7,271,274,1,102,104,0.4,64,64,0.2,1,1,0,11,11,0,0,0,0,0,0,0,981,1004,3.7,17089,17219,65
2,State,Arunachal Pradesh,0,0,0,0,0,0,2,2,0.3,0,0,0,0,0,0,0,0,0,69,70,9.3,45,48,6.1,34,37,4.6,0,0,0,0,0,0,5,5,0.7,3,3,0.4,2,2,0.3,2,2,0.3,0,0,0,4,4,0.5,1,3,0.1,0,0,0,0,0,0,60,63,8.1,31,34,4.2,29,29,3.9,2,5,0.3,2,5,0.3,0,0,0,73,76,9.9,70,73,9.5,3,3,0.4,3,3,0.4,3,3,0.4,0,0,0,255,270,34.5,0,0,0,0,0,0,0,0,0,0,0,0,0,0,0,0,0,0,0,0,0,0,0,0,0,0,0,0,0,0,0,0,0,26,26,3.5,16,16,2.2,9,9,1.2,0,0,0,1,1,0.1,0,0,0,0,0,0,0,0,0,26,26,3.5,281,296,38
3,State,Assam,26,26,0.2,148,150,0.9,52,52,0.3,29,29,0.2,4,4,0,2,2,0,11408,11413,66.8,5364,5915,31.4,863,1353,5.1,2,2,0,13,13,0.1,2929,2984,17.2,2583,2638,15.1,346,346,2,1052,1055,6.2,0,0,0,505,508,3,66,100,0.4,1,1,0,0,0,0,1657,1658,9.7,1639,1640,9.6,18,18,0.1,485,485,2.8,485,485,2.8,0,0,0,4642,4654,27.2,4628,4640,27.1,14,14,0.1,90,90,0.5,90,90,0.5,0,0,0,23974,24579,140.4,469,502,2.7,18,18,0.1,4,4,0,0,0,0,0,0,0,0,0,0,14,14,0.1,0,0,0,395,402,2.3,211,218,1.2,184,184,1.1,1496,1527,8.8,1049,1078,6.1,322,323,1.9,120,121,0.7,4,4,0,1,1,0,0,0,0,0,0,0,2378,2449,13.9,26352,27028,154.3
4,State,Bihar,3,3,0,1046,1047,1.8,21,21,0,1,1,0,1,1,0,0,0,0,1935,1936,3.3,6671,6747,11.4,745,745,1.3,11,11,0,0,0,0,5308,5378,9.1,2620,2620,4.5,2688,2758,4.6,0,0,0,0,0,0,607,613,1,15,24,0,1,1,0,0,0,0,806,806,1.4,805,805,1.4,1,1,0,69,72,0.1,64,67,0.1,5,5,0,584,587,1,541,544,0.9,43,43,0.1,6,6,0,6,6,0,0,0,0,11159,11252,19.1,2555,2555,4.4,30,33,0.1,10,13,0,18,18,0,0,0,0,0,0,0,2,2,0,23,23,0,9,9,0,3,3,0,6,6,0,1583,1585,2.7,628,628,1.1,646,648,1.1,198,198,0.3,106,106,0.2,4,4,0,1,1,0,0,0,0,4200,4205,7.2,15359,15457,26.3
5,State,Chhattisgarh,8,8,0.1,71,71,0.5,150,153,1,1,1,0,1,1,0,0,0,0,641,674,4.4,1341,1357,9.2,1079,1094,7.4,3,4,0,2,2,0,245,245,1.7,6,6,0,239,239,1.6,0,0,0,0,0,0,12,12,0.1,21,34,0.1,0,0,0,0,0,0,1210,1212,8.3,1197,1199,8.2,13,13,0.1,118,118,0.8,114,114,0.8,4,4,0,1461,1640,10,1380,1559,9.5,81,81,0.6,279,279,1.9,272,272,1.9,7,7,0,5302,5548,36.4,6,6,0,3,3,0,0,0,0,0,0,0,2,2,0,0,0,0,1,1,0,0,0,0,36,37,0.2,34,35,0.2,2,2,0,2038,2048,14,1534,1541,10.5,469,472,3.2,14,14,0.1,15,15,0.1,6,6,0,0,0,0,0,0,0,2083,2094,14.3,7385,7642,50.7
6,State,Goa,1,1,0.1,0,0,0,0,0,0,0,0,0,0,0,0,0,0,0,8,8,1,31,33,4,23,25,3,0,0,0,0,0,0,0,0,0,0,0,0,0,0,0,0,0,0,0,0,0,8,8,1,16,29,2.1,0,0,0,0,0,0,60,61,7.8,19,19,2.5,41,42,5.3,0,0,0,0,0,0,0,0,0,67,71,8.7,57,61,7.4,10,10,1.3,35,35,4.6,33,33,4.3,2,2,0.3,218,238,28.3,0,0,0,0,0,0,0,0,0,0,0,0,0,0,0,0,0,0,0,0,0,0,0,0,1,1,0.1,1,1,0.1,0,0,0,0,0,0,0,0,0,0,0,0,0,0,0,0,0,0,0,0,0,0,0,0,0,0,0,1,1,0.1,219,239,28.5
7,State,Gujarat,7,7,0,6,7,0,295,299,0.9,0,0,0,4,4,0,8,8,0,3345,3345,10.2,597,603,1.8,179,183,0.5,0,0,0,3,3,0,393,395,1.2,31,31,0.1,362,364,1.1,0,0,0,0,0,0,22,22,0.1,4,6,0,2,2,0,0,0,0,486,486,1.5,486,486,1.5,0,0,0,3,3,0,3,3,0,0,0,0,846,852,2.6,829,835,2.5,17,17,0.1,17,18,0.1,17,18,0.1,0,0,0,5620,5640,17.1,2,2,0,47,57,0.1,0,0,0,24,30,0.1,10,10,0,7,9,0,6,8,0,0,0,0,27,27,0.1,17,17,0.1,10,10,0,2330,2343,7.1,1871,1881,5.7,274,275,0.8,109,111,0.3,2,2,0,74,74,0.2,0,0,0,2,2,0,2408,2431,7.3,8028,8071,24.4
8,State,Haryana,2,2,0,251,251,1.8,204,204,1.5,7,7,0.1,1,1,0,0,0,0,4119,4122,30,2423,2449,17.7,96,97,0.7,5,5,0,3,3,0,955,973,7,821,839,6,134,134,1,787,789,5.7,0,0,0,577,582,4.2,9,9,0.1,1,1,0,0,0,0,1373,1373,10,1373,1373,10,0,0,0,215,215,1.6,213,213,1.6,2,2,0,2339,2339,17,2339,2339,17,0,0,0,183,183,1.3,183,183,1.3,0,0,0,11127,11156,81.1,25,25,0.2,28,39,0.2,5,9,0,1,1,0,7,14,0.1,0,0,0,15,15,0.1,0,0,0,82,87,0.6,64,69,0.5,18,18,0.1,1738,1742,12.7,1032,1034,7.5,534,536,3.9,151,151,1.1,1,1,0,16,16,0.1,4,4,0,0,0,0,1873,1893,13.6,13000,13049,94.7
9,State,Himachal Pradesh,8,8,0.2,1,1,0,57,57,1.6,2,2,0.1,0,0,0,0,0,0,259,259,7.1,281,284,7.7,86,87,2.4,0,0,0,0,0,0,191,193,5.3,14,14,0.4,177,179,4.9,1,1,0,0,0,0,3,3,0.1,0,0,0,0,0,0,0,0,0,331,332,9.1,135,135,3.7,196,197,5.4,3,3,0.1,3,3,0.1,0,0,0,538,541,14.8,470,471,13,68,70,1.9,88,88,2.4,88,88,2.4,0,0,0,1568,1575,43.2,2,2,0.1,0,0,0,0,0,0,0,0,0,0,0,0,0,0,0,0,0,0,2,2,0.1,38,39,1,31,32,0.9,7,7,0.2,4,4,0.1,0,0,0,2,2,0.1,1,1,0,0,0,0,1,1,0,0,0,0,0,0,0,46,47,1.3,1614,1622,44.5
10,State,Jharkhand,9,9,0,275,280,1.5,51,51,0.3,8,8,0,1,1,0,0,0,0,857,882,4.6,993,995,5.3,170,170,0.9,11,11,0.1,8,8,0,518,520,2.8,413,413,2.2,105,107,0.6,231,231,1.2,0,0,0,55,55,0.3,46,48,0.2,1,1,0,0,0,0,1321,1326,7.1,1205,1210,6.5,116,116,0.6,188,202,1,143,157,0.8,45,45,0.2,1358,1361,7.3,1294,1297,7,64,64,0.3,6,6,0,6,6,0,0,0,0,5114,5170,27.5,1518,1535,8.2,2,2,0,0,0,0,0,0,0,0,0,0,0,0,0,2,2,0,66,66,0.4,3,3,0,3,3,0,0,0,0,927,930,5,679,682,3.7,158,158,0.8,18,18,0.1,71,71,0.4,1,1,0,0,0,0,0,0,0,2516,2536,13.5,7630,7706,41
11,State,Karnataka,7,8,0,176,178,0.5,257,263,0.8,2,2,0,5,6,0,1,1,0,2055,2092,6.3,923,951,2.8,813,839,2.5,0,0,0,1,1,0,51,52,0.2,24,24,0.1,27,28,0.1,26,26,0.1,0,0,0,32,33,0.1,12,32,0,0,0,0,0,0,0,504,507,1.5,504,507,1.5,0,0,0,11,11,0,11,11,0,0,0,0,4751,5248,14.5,4745,5242,14.5,6,6,0,70,71,0.2,70,71,0.2,0,0,0,8774,9370,26.8,1511,1548,4.6,159,312,0.5,24,29,0.1,73,155,0.2,44,99,0.1,6,6,0,12,23,0,0,0,0,143,156,0.4,142,155,0.4,1,1,0,2092,2147,6.4,1598,1647,4.9,335,340,1,95,95,0.3,54,55,0.2,10,10,0,0,0,0,1,1,0,3906,4164,11.9,12680,13534,38.7
12,State,Kerala,1,1,0,6,6,0,34,34,0.2,0,0,0,4,4,0,2,2,0,2707,2736,14.7,151,152,0.8,83,84,0.5,0,0,0,0,0,0,48,48,0.3,6,6,0,42,42,0.2,5,5,0,0,0,0,15,15,0.1,72,72,0.4,0,0,0,0,0,0,637,647,3.5,637,647,3.5,0,0,0,59,60,0.3,49,50,0.3,10,10,0.1,3890,3971,21.2,3270,3340,17.8,620,631,3.4,442,454,2.4,407,419,2.2,35,35,0.2,8005,8139,43.5,3,3,0,5,6,0,0,0,0,0,0,0,1,1,0,0,0,0,4,5,0,165,165,0.9,119,121,0.6,113,115,0.6,6,6,0,1839,1879,10,1243,1259,6.8,394,410,2.1,109,117,0.6,83,83,0.5,8,8,0,2,2,0,3,3,0,2134,2177,11.6,10139,10316,55.1
13,State,Madhya Pradesh,27,27,0.1,608,627,1.5,718,744,1.8,37,37,0.1,5,5,0,4,4,0,5540,5540,13.7,4782,4990,11.8,3692,3882,9.1,1,1,0,3,3,0,1025,1043,2.5,82,84,0.2,943,959,2.3,32,32,0.1,0,0,0,29,29,0.1,34,45,0.1,4,4,0,1,1,0,2339,2341,5.8,2329,2331,5.7,10,10,0,35,35,0.1,24,24,0.1,11,11,0,5378,5431,13.3,5251,5304,13,127,127,0.3,200,200,0.5,189,189,0.5,11,11,0,19712,20031,48.6,90,90,0.2,14,31,0,11,24,0,0,0,0,2,2,0,0,0,0,1,5,0,180,180,0.4,62,63,0.2,52,53,0.1,10,10,0,5582,5603,13.8,3259,3262,8,2260,2277,5.6,45,45,0.1,10,10,0,7,7,0,1,2,0,0,0,0,5928,5967,14.6,25640,25998,63.3
14,State,Maharashtra,20,23,0,197,197,0.3,832,844,1.4,18,18,0,4,4,0,1,1,0,6729,6749,11.3,5254,5332,8.8,4608,4681,7.8,0,0,0,0,0,0,525,526,0.9,78,78,0.1,447,448,0.8,48,50,0.1,0,0,0,73,75,0.1,116,242,0.2,0,0,0,0,0,0,2061,2065,3.5,2061,2065,3.5,0,0,0,3,3,0,2,2,0,1,1,0,9965,10007,16.8,9965,10007,16.8,0,0,0,969,969,1.6,969,969,1.6,0,0,0,26169,26454,44.1,25,25,0,85,119,0.1,33,57,0.1,10,10,0,21,25,0,9,9,0,12,18,0,3,3,0,102,132,0.2,75,105,0.1,27,27,0,5570,5630,9.4,2785,2800,4.7,2699,2737,4.5,48,54,0.1,24,24,0,4,5,0,10,10,0,0,0,0,5785,5909,9.7,31954,32363,53.8
15,State,Manipur,2,2,0.1,1,1,0.1,2,2,0.1,0,0,0,0,0,0,0,0,0,7,7,0.4,49,49,3.1,1,1,0.1,0,0,0,0,0,0,19,19,1.2,15,15,1,4,4,0.3,23,23,1.5,1,1,0.1,5,5,0.3,2,2,0.1,0,0,0,0,0,0,32,32,2,30,30,1.9,2,2,0.1,5,5,0.3,5,5,0.3,0,0,0,61,61,3.9,60,60,3.8,1,1,0.1,8,8,0.5,8,8,0.5,0,0,0,169,169,10.8,0,0,0,0,0,0,0,0,0,0,0,0,0,0,0,0,0,0,0,0,0,1,1,0.1,3,3,0.2,3,3,0.2,0,0,0,74,75,4.7,55,56,3.5,13,13,0.8,4,4,0.3,2,2,0.1,0,0,0,0,0,0,0,0,0,78,79,5,247,248,15.8
16,State,Meghalaya,2,2,0.1,1,1,0.1,0,0,0,0,0,0,2,2,0.1,0,0,0,17,17,1,29,29,1.8,12,12,0.7,0,0,0,0,0,0,1,1,0.1,1,1,0.1,0,0,0,15,15,0.9,0,0,0,1,1,0.1,0,0,0,0,0,0,0,0,0,67,67,4.1,66,66,4.1,1,1,0.1,19,19,1.2,17,17,1,2,2,0.1,86,86,5.3,76,76,4.7,10,10,0.6,16,18,1,16,18,1,0,0,0,239,241,14.7,0,0,0,0,0,0,0,0,0,0,0,0,0,0,0,0,0,0,0,0,0,0,0,0,9,9,0.6,7,7,0.4,2,2,0.1,320,324,19.7,247,251,15.2,60,60,3.7,9,9,0.6,2,2,0.1,2,2,0.1,0,0,0,0,0,0,329,333,20.2,568,574,34.9
17,State,Mizoram,0,0,0,0,0,0,0,0,0,0,0,0,0,0,0,0,0,0,7,7,1.2,1,1,0.2,1,1,0.2,0,0,0,0,0,0,0,0,0,0,0,0,0,0,0,0,0,0,0,0,0,0,0,0,0,0,0,0,0,0,0,0,0,33,33,5.5,18,18,3,15,15,2.5,1,1,0.2,1,1,0.2,0,0,0,26,26,4.3,26,26,4.3,0,0,0,3,3,0.5,3,3,0.5,0,0,0,71,71,11.9,0,0,0,0,0,0,0,0,0,0,0,0,0,0,0,0,0,0,0,0,0,0,0,0,1,1,0.2,1,1,0.2,0,0,0,100,101,16.7,57,58,9.5,40,40,6.7,1,1,0.2,0,0,0,2,2,0.3,0,0,0,0,0,0,101,102,16.9,172,173,28.8
18,State,Nagaland,0,0,0,1,1,0.1,0,0,0,0,0,0,0,0,0,0,0,0,2,2,0.2,6,6,0.6,5,5,0.5,0,0,0,0,0,0,0,0,0,0,0,0,0,0,0,0,0,0,0,0,0,1,1,0.1,0,0,0,0,0,0,0,0,0,4,4,0.4,3,3,0.3,1,1,0.1,0,0,0,0,0,0,0,0,0,7,7,0.7,7,7,0.7,0,0,0,2,2,0.2,2,2,0.2,0,0,0,22,22,2.1,0,0,0,0,0,0,0,0,0,0,0,0,0,0,0,0,0,0,0,0,0,0,0,0,0,0,0,0,0,0,0,0,0,17,19,1.6,14,14,1.3,2,4,0.2,1,1,0.1,0,0,0,0,0,0,0,0,0,0,0,0,17,19,1.6,39,41,3.7
19,State,Odisha,18,20,0.1,320,320,1.4,16,16,0.1,2,2,0,6,6,0,0,0,0,3659,3659,16.2,3775,3775,16.7,3512,3512,15.6,1,1,0,3,3,0,194,194,0.9,102,102,0.5,92,92,0.4,10,10,0,0,0,0,55,55,0.2,56,69,0.2,0,0,0,0,0,0,1211,1211,5.4,1194,1194,5.3,17,17,0.1,144,144,0.6,144,144,0.6,0,0,0,12605,12641,55.8,12605,12641,55.8,0,0,0,615,615,2.7,615,615,2.7,0,0,0,22427,22478,99.4,312,312,1.4,19,19,0.1,0,0,0,3,3,0,0,0,0,1,1,0,15,15,0.1,0,0,0,526,526,2.3,292,292,1.3,234,234,1,2202,2202,9.8,1629,1629,7.2,523,523,2.3,17,17,0.1,33,33,0.1,0,0,0,0,0,0,3,3,0,3062,3062,13.6,25489,25540,112.9
20,State,Punjab,5,6,0,63,63,0.4,176,179,1.2,7,7,0,2,2,0,1,1,0,1271,1271,8.9,1241,1260,8.7,11,11,0.1,1,1,0,0,0,0,1200,1217,8.4,231,233,1.6,969,984,6.8,0,0,0,0,0,0,29,31,0.2,2,2,0,0,0,0,0,0,0,502,504,3.5,440,442,3.1,62,62,0.4,53,53,0.4,27,27,0.2,26,26,0.2,731,732,5.1,713,714,5,18,18,0.1,28,29,0.2,28,29,0.2,0,0,0,4082,4109,28.5,7,7,0,11,15,0.1,3,7,0,0,0,0,1,1,0,0,0,0,7,7,0,0,0,0,41,41,0.3,22,22,0.2,19,19,0.1,697,703,4.9,549,554,3.8,138,139,1,1,1,0,5,5,0,3,3,0,1,1,0,0,0,0,756,766,5.3,4838,4875,33.8
21,State,Rajasthan,8,8,0,479,480,1.3,190,190,0.5,1,1,0,2,2,0,0,0,0,13765,13896,36.1,4739,4766,12.4,2051,2065,5.4,2,2,0,4,4,0,1147,1156,3,749,750,2,398,406,1,11,11,0,0,0,0,1524,1528,4,2,2,0,0,0,0,0,0,0,5310,5337,13.9,4031,4058,10.6,1279,1279,3.4,965,968,2.5,887,890,2.3,78,78,0.2,8661,8690,22.7,7646,7672,20,1015,1018,2.7,85,86,0.2,76,77,0.2,9,9,0,34207,34426,89.6,4,4,0,67,76,0.2,24,24,0.1,1,2,0,9,13,0,4,5,0,29,32,0.1,0,0,0,31,31,0.1,24,24,0.1,7,7,0,226,226,0.6,1,1,0,5,5,0,5,5,0,35,35,0.1,179,179,0.5,1,1,0,0,0,0,328,337,0.9,34535,34763,90.5
22,State,Sikkim,0,0,0,0,0,0,0,0,0,0,0,0,0,0,0,0,0,0,1,1,0.3,11,13,3.5,11,13,3.5,0,0,0,0,0,0,0,0,0,0,0,0,0,0,0,0,0,0,0,0,0,0,0,0,0,0,0,0,0,0,0,0,0,12,13,3.8,9,9,2.8,3,4,0.9,1,1,0.3,1,1,0.3,0,0,0,18,19,5.7,17,18,5.4,1,1,0.3,0,0,0,0,0,0,0,0,0,43,47,13.6,0,0,0,0,0,0,0,0,0,0,0,0,0,0,0,0,0,0,0,0,0,0,0,0,0,0,0,0,0,0,0,0,0,97,99,30.6,70,72,22.1,23,23,7.3,4,4,1.3,0,0,0,0,0,0,0,0,0,0,0,0,97,99,30.6,140,146,44.2
23,State,Tamil Nadu,3,3,0,40,40,0.1,247,250,0.6,0,0,0,0,0,0,1,1,0,689,702,1.8,633,653,1.7,55,56,0.1,1,1,0,4,4,0,460,476,1.2,319,335,0.8,141,141,0.4,81,82,0.2,0,0,0,32,34,0.1,4,13,0,0,0,0,0,0,0,389,390,1,389,390,1,0,0,0,15,15,0,15,15,0,0,0,0,892,907,2.3,870,885,2.3,22,22,0.1,31,31,0.1,30,30,0.1,1,1,0,2944,3005,7.7,207,209,0.5,231,377,0.6,56,60,0.1,102,216,0.3,10,20,0,3,6,0,60,75,0.2,0,0,0,188,191,0.5,147,150,0.4,41,41,0.1,3057,3103,8,2205,2227,5.8,613,633,1.6,156,159,0.4,53,53,0.1,28,29,0.1,2,2,0,3,3,0,3686,3883,9.7,6630,6888,17.4
24,State,Telangana,14,14,0.1,158,175,0.8,397,404,2.1,0,0,0,3,4,0,0,0,0,7453,7745,40,1314,1341,7,896,909,4.8,0,0,0,2,2,0,279,292,1.5,63,74,0.3,216,218,1.2,46,46,0.2,0,0,0,91,92,0.5,52,72,0.3,0,0,0,0,0,0,764,765,4.1,764,765,4.1,0,0,0,35,35,0.2,32,32,0.2,3,3,0,4907,4928,26.3,4754,4775,25.5,153,153,0.8,565,701,3,542,678,2.9,23,23,0.1,15662,16184,84,4,4,0,13,15,0.1,6,7,0,0,0,0,0,0,0,0,0,0,7,8,0,0,0,0,45,45,0.2,11,11,0.1,34,34,0.2,2067,2089,11.1,1415,1429,7.6,555,557,3,81,86,0.4,10,11,0.1,6,6,0,0,0,0,0,0,0,2129,2153,11.4,17791,18337,95.4
25,State,Tripura,2,2,0.1,23,23,1.2,23,23,1.2,3,3,0.2,2,2,0.1,0,0,0,356,358,17.9,110,110,5.5,35,35,1.8,0,0,0,0,0,0,54,54,2.7,13,13,0.7,41,41,2.1,17,17,0.9,0,0,0,4,4,0.2,0,0,0,0,0,0,0,0,0,79,79,4,79,79,4,0,0,0,13,13,0.7,13,13,0.7,0,0,0,115,118,5.8,114,117,5.7,1,1,0.1,3,3,0.2,2,2,0.1,1,1,0.1,729,734,36.7,0,0,0,0,0,0,0,0,0,0,0,0,0,0,0,0,0,0,0,0,0,0,0,0,3,3,0.2,2,2,0.1,1,1,0.1,142,143,7.2,86,87,4.3,54,54,2.7,2,2,0.1,0,0,0,0,0,0,0,0,0,0,0,0,145,146,7.3,874,880,44
26,State,Uttar Pradesh,31,31,0,2274,2302,2.1,379,381,0.3,85,85,0.1,21,23,0,4,4,0,14454,14533,13.2,9109,9257,8.3,1359,1360,1.2,33,58,0,5,6,0,7709,7830,7,4779,4887,4.4,2930,2943,2.7,1,1,0,0,0,0,2,2,0,6,7,0,0,0,0,0,0,0,2769,2796,2.5,2565,2590,2.3,204,206,0.2,251,251,0.2,188,188,0.2,63,63,0.1,9864,9903,9,8601,8639,7.8,1263,1264,1.2,28,28,0,19,19,0,9,9,0,39275,39601,35.8,3031,3064,2.8,25,36,0,12,12,0,0,0,0,0,0,0,0,0,0,13,24,0,0,0,0,338,338,0.3,325,325,0.3,13,13,0,6716,6722,6.1,2533,2533,2.3,3881,3887,3.5,92,92,0.1,12,12,0,197,197,0.2,1,1,0,0,0,0,10110,10160,9.2,49385,49761,45.1
27,State,Uttarakhand,0,0,0,65,65,1.2,10,10,0.2,0,0,0,1,1,0,0,0,0,668,669,12.1,349,350,6.3,124,124,2.2,0,0,0,1,1,0,63,64,1.1,16,17,0.3,47,47,0.9,0,0,0,0,0,0,161,161,2.9,5,5,0.1,0,0,0,0,0,0,487,487,8.8,482,482,8.7,5,5,0.1,12,12,0.2,12,12,0.2,0,0,0,474,474,8.6,448,448,8.1,26,26,0.5,43,43,0.8,43,43,0.8,0,0,0,2114,2116,38.3,140,140,2.5,8,8,0.1,5,5,0.1,0,0,0,0,0,0,0,0,0,3,3,0.1,0,0,0,27,27,0.5,23,23,0.4,4,4,0.1,557,557,10.1,396,396,7.2,157,157,2.8,4,4,0.1,0,0,0,0,0,0,0,0,0,0,0,0,732,732,13.3,2846,2848,51.6
28,State,West Bengal,9,9,0,522,523,1.1,485,490,1,26,27,0.1,29,29,0.1,5,5,0,19962,19966,41.7,7740,7805,16.2,4858,4882,10.2,5,5,0,5,5,0,852,852,1.8,205,205,0.4,647,647,1.4,30,30,0.1,0,0,0,1990,2031,4.2,25,29,0.1,2,2,0,0,0,0,1128,1128,2.4,1128,1128,2.4,0,0,0,872,927,1.8,872,927,1.8,0,0,0,2488,2784,5.2,2488,2784,5.2,0,0,0,446,446,0.9,445,445,0.9,1,1,0,33739,34170,70.6,0,0,0,52,92,0.1,0,0,0,0,0,0,1,1,0,0,0,0,51,91,0.1,1,1,0,24,24,0.1,10,10,0,14,14,0,2623,2688,5.5,1522,1586,3.2,828,828,1.7,232,233,0.5,17,17,0,24,24,0.1,0,0,0,0,0,0,2700,2805,5.6,36439,36975,76.2
Total State(s),Total State(s),Total State(s),218,225,0,6843,6920,1.1,4969,5061,0.8,237,238,0,102,106,0,30,30,0,108529,109238,17,58496,59808,9.1,25729,26590,4,76,102,0,58,59,0,24275,24621,3.8,13207,13421,2.1,11068,11200,1.7,2471,2480,0.4,1,1,0,5886,5955,0.9,630,916,0.1,12,12,0,1,1,0,26727,26830,4.2,24137,24225,3.8,2590,2605,0.4,3718,3797,0.6,3428,3507,0.5,290,290,0,81713,83042,12.8,77637,78949,12.1,4076,4093,0.6,6603,6786,1,6471,6654,1,132,132,0,298828,303010,46.7,10346,10468,1.6,865,1322,0.1,210,268,0,232,435,0,112,195,0,30,36,0,281,388,0,441,441,0.1,2302,2367,0.4,1634,1699,0.3,668,668,0.1,44569,44969,7,26744,26995,4.2,15096,15214,2.4,1581,1607,0.2,541,543,0.1,584,586,0.1,23,24,0,12,12,0,58535,59579,9.2,357363,362589,55.9
29,Union Territories,A & N Islands,0,0,0,0,0,0,1,1,0.5,0,0,0,0,0,0,0,0,0,2,2,1.1,1,1,0.5,0,0,0,0,0,0,0,0,0,0,0,0,0,0,0,0,0,0,0,0,0,0,0,0,1,1,0.5,1,2,0.5,0,0,0,0,0,0,2,2,1.1,2,2,1.1,0,0,0,1,1,0.5,1,1,0.5,0,0,0,15,15,8,15,15,8,0,0,0,3,3,1.6,3,3,1.6,0,0,0,26,27,13.8,0,0,0,0,0,0,0,0,0,0,0,0,0,0,0,0,0,0,0,0,0,0,0,0,1,1,0.5,1,1,0.5,0,0,0,116,116,61.7,104,104,55.3,8,8,4.3,2,2,1.1,1,1,0.5,1,1,0.5,0,0,0,0,0,0,117,117,62.2,143,144,76.1
30,Union Territories,Chandigarh,0,0,0,1,1,0.2,1,1,0.2,0,0,0,1,1,0.2,0,0,0,96,96,17.5,90,92,16.4,71,73,12.9,0,0,0,0,0,0,19,19,3.5,0,0,0,19,19,3.5,0,0,0,0,0,0,0,0,0,2,2,0.4,0,0,0,0,0,0,60,60,10.9,14,14,2.6,46,46,8.4,3,3,0.5,1,1,0.2,2,2,0.4,42,43,7.7,31,32,5.6,11,11,2,4,4,0.7,4,4,0.7,0,0,0,300,303,54.6,0,0,0,0,0,0,0,0,0,0,0,0,0,0,0,0,0,0,0,0,0,0,0,0,1,1,0.2,1,1,0.2,0,0,0,0,0,0,0,0,0,0,0,0,0,0,0,0,0,0,0,0,0,0,0,0,0,0,0,1,1,0.2,301,304,54.8
31,Union Territories,D & N Haveli and Daman & Diu,0,0,0,1,1,0.3,1,1,0.3,0,0,0,0,0,0,0,0,0,4,4,1.1,0,0,0,0,0,0,0,0,0,0,0,0,0,0,0,0,0,0,0,0,0,0,0,0,0,0,0,0,0,0,1,1,0.3,0,0,0,0,0,0,4,4,1.1,4,4,1.1,0,0,0,0,0,0,0,0,0,0,0,0,6,6,1.6,6,6,1.6,0,0,0,3,3,0.8,3,3,0.8,0,0,0,20,20,5.3,0,0,0,0,0,0,0,0,0,0,0,0,0,0,0,0,0,0,0,0,0,0,0,0,0,0,0,0,0,0,0,0,0,41,41,11,39,39,10.4,2,2,0.5,0,0,0,0,0,0,0,0,0,0,0,0,0,0,0,41,41,11,61,61,16.3
32,Union Territories,Delhi,1,1,0,110,112,1.2,44,44,0.5,2,2,0,2,2,0,3,3,0,2557,2591,27,2938,3009,31,2760,2815,29.1,0,0,0,0,0,0,2,2,0,1,1,0,1,1,0,0,0,0,0,0,0,176,192,1.9,12,22,0.1,0,0,0,0,0,0,997,997,10.5,997,997,10.5,0,0,0,9,9,0.1,7,7,0.1,2,2,0,1840,1841,19.4,1840,1841,19.4,0,0,0,416,418,4.4,416,418,4.4,0,0,0,8931,9051,94.1,14,14,0.1,3,3,0,0,0,0,0,0,0,0,0,0,0,0,0,3,3,0,2,2,0,13,13,0.1,8,8,0.1,5,5,0.1,1130,1130,11.9,721,721,7.6,373,373,3.9,31,31,0.3,1,1,0,0,0,0,4,4,0,0,0,0,1162,1162,12.2,10093,10213,106.4
33,Union Territories,Jammu & Kashmir,0,0,0,9,9,0.1,24,24,0.4,0,0,0,0,0,0,0,0,0,349,349,5.5,775,783,12.2,227,228,3.6,2,2,0,0,0,0,449,456,7.1,433,440,6.8,16,16,0.3,0,0,0,0,0,0,97,97,1.5,0,0,0,0,0,0,0,0,0,243,247,3.8,240,244,3.8,3,3,0,10,10,0.2,9,9,0.1,1,1,0,1744,1766,27.5,1721,1733,27.1,23,33,0.4,35,35,0.6,35,35,0.6,0,0,0,3189,3223,50.3,2,2,0,0,0,0,0,0,0,0,0,0,0,0,0,0,0,0,0,0,0,3,3,0,16,16,0.3,10,10,0.2,6,6,0.1,195,195,3.1,152,152,2.4,24,24,0.4,2,2,0,10,10,0.2,7,7,0.1,0,0,0,0,0,0,216,216,3.4,3405,3439,53.7
34,Union Territories,Ladakh,0,0,0,0,0,0,0,0,0,0,0,0,0,0,0,0,0,0,3,3,2.3,0,0,0,0,0,0,0,0,0,0,0,0,0,0,0,0,0,0,0,0,0,0,0,0,0,0,0,0,0,0,0,0,0,0,0,0,0,0,0,2,2,1.6,1,1,0.8,1,1,0.8,0,0,0,0,0,0,0,0,0,4,4,3.1,4,4,3.1,0,0,0,0,0,0,0,0,0,0,0,0,9,9,7,0,0,0,0,0,0,0,0,0,0,0,0,0,0,0,0,0,0,0,0,0,0,0,0,0,0,0,0,0,0,0,0,0,0,0,0,0,0,0,0,0,0,0,0,0,0,0,0,0,0,0,0,0,0,0,0,0,0,0,0,9,9,7
35,Union Territories,Lakshadweep,0,0,0,0,0,0,0,0,0,0,0,0,0,0,0,0,0,0,0,0,0,0,0,0,0,0,0,0,0,0,0,0,0,0,0,0,0,0,0,0,0,0,0,0,0,0,0,0,0,0,0,0,0,0,0,0,0,0,0,0,3,3,9.1,3,3,9.1,0,0,0,0,0,0,0,0,0,0,0,0,3,3,9.1,3,3,9.1,0,0,0,1,1,3,1,1,3,0,0,0,7,7,21.2,0,0,0,0,0,0,0,0,0,0,0,0,0,0,0,0,0,0,0,0,0,0,0,0,1,1,3,1,1,3,0,0,0,7,7,21.2,3,3,9.1,2,2,6.1,1,1,3,0,0,0,1,1,3,0,0,0,0,0,0,8,8,24.2,15,15,45.5
36,Union Territories,Puducherry,0,0,0,2,2,0.2,0,0,0,0,0,0,0,0,0,0,0,0,9,9,1.1,0,0,0,0,0,0,0,0,0,0,0,0,0,0,0,0,0,0,0,0,0,0,0,0,0,0,0,0,0,0,0,0,0,0,0,0,0,0,0,8,8,1,8,8,1,0,0,0,0,0,0,0,0,0,0,0,0,25,25,3.1,25,25,3.1,0,0,0,0,0,0,0,0,0,0,0,0,44,44,5.5,4,4,0.5,0,0,0,0,0,0,0,0,0,0,0,0,0,0,0,0,0,0,0,0,0,0,0,0,0,0,0,0,0,0,65,65,8.1,44,44,5.5,10,10,1.2,11,11,1.4,0,0,0,0,0,0,0,0,0,0,0,0,69,69,8.6,113,113,14
Total UT(s),Total UT(s),Total UT(s),1,1,0,123,125,0.7,71,71,0.4,2,2,0,3,3,0,3,3,0,3020,3054,16.9,3804,3885,21.2,3058,3116,17.1,2,2,0,0,0,0,470,477,2.6,434,441,2.4,36,36,0.2,0,0,0,0,0,0,274,290,1.5,16,27,0.1,0,0,0,0,0,0,1319,1323,7.4,1269,1273,7.1,50,50,0.3,23,23,0.1,18,18,0.1,5,5,0,3679,3703,20.5,3645,3659,20.4,34,44,0.2,462,464,2.6,462,464,2.6,0,0,0,12526,12684,69.9,20,20,0.1,3,3,0,0,0,0,0,0,0,0,0,0,0,0,0,3,3,0,5,5,0,32,32,0.2,21,21,0.1,11,11,0.1,1554,1554,8.7,1063,1063,5.9,419,419,2.3,47,47,0.3,12,12,0.1,9,9,0.1,4,4,0,0,0,0,1614,1614,9,14140,14298,79
Total All India,Total All India,Total All India,219,226,0,6966,7045,1.1,5040,5132,0.8,239,240,0,105,109,0,33,33,0,111549,112292,17,62300,63693,9.5,28787,29706,4.4,78,104,0,58,59,0,24745,25098,3.8,13641,13862,2.1,11104,11236,1.7,2471,2480,0.4,1,1,0,6160,6245,0.9,646,943,0.1,12,12,0,1,1,0,28046,28153,4.3,25406,25498,3.9,2640,2655,0.4,3741,3820,0.6,3446,3525,0.5,295,295,0,85392,86745,13,81282,82608,12.4,4110,4137,0.6,7065,7250,1.1,6933,7118,1.1,132,132,0,311354,315694,47.3,10366,10488,1.6,868,1325,0.1,210,268,0,232,435,0,112,195,0,30,36,0,284,391,0,446,446,0.1,2334,2399,0.4,1655,1720,0.3,679,679,0.1,46123,46523,7,27807,28058,4.2,15515,15633,2.4,1628,1654,0.2,553,555,0.1,593,595,0.1,27,28,0,12,12,0,60149,61193,9.1,371503,376887,56.5
